company,total_unique_problems,problems_6months,problems_1year,problems_2year,problems_alltime,easy_count,medium_count,hard_count
google,865,350,534,717,865,204,451,210
amazon,780,466,605,708,780,221,418,141
facebook,556,342,428,517,556,136,322,98
microsoft,514,241,356,469,514,141,282,91
apple,366,203,288,364,366,118,188,60
bloomberg,348,146,242,333,348,104,196,48
uber,308,59,161,281,308,51,179,78
adobe,235,78,140,228,235,87,106,42
oracle,214,86,174,212,214,61,123,30
linkedin,140,38,88,129,140,39,79,22
ebay,123,77,88,118,123,30,76,17
bytedance,116,83,97,116,116,17,72,27
yahoo,114,12,45,105,114,41,58,15
goldman-sachs,112,58,87,109,112,40,55,17
vmware,102,24,47,102,102,19,67,16
snapchat,88,7,31,68,88,17,44,27
twitter,82,8,28,52,82,17,42,23
salesforce,70,9,26,68,70,16,41,13
cisco,68,25,37,68,68,30,34,4
airbnb,59,2,21,38,59,14,28,17
paypal,59,18,26,58,59,20,32,7
atlassian,53,22,38,52,53,15,34,4
lyft,53,17,24,50,53,12,31,10
expedia,47,0,15,41,47,13,31,3
yandex,46,18,29,45,46,14,29,3
pinterest,42,3,10,40,42,5,21,16
citadel,41,15,29,39,41,11,19,11
mathworks,40,10,24,39,40,11,23,6
visa,39,4,14,37,39,13,20,6
nutanix,38,6,19,35,38,5,24,9
sap,38,5,11,37,38,12,22,4
yelp,37,0,5,21,37,10,21,6
zillow,37,1,14,37,37,11,21,5
alibaba,35,2,3,32,35,9,19,7
wish,33,5,20,30,33,4,22,7
quora,30,0,17,25,30,7,20,3
tencent,27,3,9,25,27,11,13,3
qualtrics,27,5,17,27,27,5,19,3
samsung,25,1,7,19,25,8,13,4
baidu,25,0,0,16,25,4,14,7
indeed,25,8,9,23,25,10,8,7
intuit,24,6,13,22,24,6,12,6
square,24,7,11,22,24,3,16,5
nvidia,24,3,10,24,24,7,14,3
servicenow,24,14,16,24,24,12,11,1
wayfair,23,1,14,18,23,8,11,4
akuna-capital,23,2,8,15,23,4,14,5
doordash,22,8,15,20,22,3,14,5
dropbox,22,3,8,14,22,4,9,9
roblox,22,15,17,19,22,4,11,7
jpmorgan,22,3,8,22,22,9,11,2
pocket-gems,21,1,5,7,21,2,13,6
zenefits,21,0,0,0,21,6,10,5
palantir-technologies,20,3,9,13,20,6,11,3
two-sigma,19,4,8,15,19,3,11,5
databricks,18,8,15,17,18,1,11,6
spotify,18,12,14,18,18,7,10,3
houzz,18,0,4,16,18,0,10,8
splunk,18,2,8,18,18,4,12,2
capital-one,17,8,13,16,17,8,8,1
godaddy,17,1,5,16,17,6,9,2
huawei,17,1,9,17,17,6,8,3
hulu,17,2,6,12,17,2,12,3
twilio,17,4,7,15,17,7,9,1
tripadvisor,16,0,3,16,16,5,9,2
audible,16,6,10,15,16,7,5,4
coursera,15,2,3,12,15,3,5,7
ixl,15,3,8,14,15,5,8,2
cruise-automation,15,2,10,14,15,0,13,2
tableau,14,2,5,14,14,4,3,7
grab,14,0,1,12,14,2,9,3
twitch,14,1,5,11,14,2,10,2
flipkart,13,0,5,10,13,1,5,7
coupang,13,3,5,6,13,1,9,3
tesla,13,8,9,13,13,5,6,2
pure-storage,12,3,3,11,12,5,5,2
morgan-stanley,12,0,5,11,12,8,3,1
quip,12,2,7,10,12,2,9,1
ibm,12,1,6,11,12,7,5,0
citrix,12,3,8,11,12,4,3,5
affirm,12,2,5,12,12,1,8,3
cohesity,12,0,2,12,12,2,6,4
intel,11,0,5,11,11,9,2,0
robinhood,11,2,5,9,11,1,8,2
qualcomm,11,1,7,10,11,7,2,2
zulily,10,0,4,10,10,3,5,2
didi,9,3,7,9,9,2,4,3
docusign,9,7,9,9,9,2,7,0
redfin,9,0,2,9,9,5,4,0
postmates,9,2,3,9,9,1,6,2
appdynamics,8,2,3,7,8,1,5,2
cloudera,8,2,5,6,8,4,4,0
rubrik,8,0,0,6,8,0,5,3
groupon,8,1,3,8,8,3,4,1
liveramp,8,0,2,4,8,5,3,0
netflix,8,4,6,8,8,2,4,2
box,8,4,5,8,8,3,2,3
sumologic,7,0,4,7,7,0,6,1
factset,7,1,4,5,7,4,3,0
netease,6,0,0,4,6,2,3,1
asana,6,3,6,6,6,1,5,0
drawbridge,6,0,0,5,6,2,3,1
epic-systems,6,0,2,4,6,3,3,0
blackrock,6,0,3,6,6,2,4,0
barclays,6,0,2,6,6,3,1,2
bookingcom,5,0,0,5,5,1,3,1
electronic-arts,5,0,1,5,5,2,2,1
point72,5,0,0,0,5,3,2,0
reddit,5,2,3,5,5,1,4,0
gsn-games,5,0,0,0,5,2,2,1
works-applications,5,0,0,1,5,1,2,2
zoho,5,0,3,4,5,2,3,0
arista-networks,5,0,2,5,5,2,2,1
hbo,4,0,0,4,4,1,3,0
triplebyte,4,2,2,4,4,1,3,0
riot-games,4,1,2,3,4,1,2,1
karat,4,3,4,4,4,1,1,2
ponyai,4,0,0,3,4,0,0,4
evernote,4,0,3,4,4,1,3,0
virtu,4,4,4,4,4,4,0,0
dataminr,4,0,1,3,4,0,2,2
garena,3,0,0,2,3,0,1,2
deutsche-bank,3,0,0,3,3,2,0,1
aetion,3,0,0,2,3,1,2,0
de-shaw,3,0,0,0,3,1,2,0
american-express,3,0,0,0,3,0,1,2
opendoor,3,0,1,3,3,0,3,0
dell,3,0,1,3,3,2,1,0
hrt,3,0,0,0,3,3,0,0
united-health-group,2,0,0,0,2,1,1,0
medianet,2,0,0,0,2,1,1,0
zappos,2,0,1,1,2,1,1,0
forusall,2,0,0,1,2,0,0,2
c3ai,2,0,0,0,2,0,1,1
c3-iot,2,0,0,0,2,1,1,0
poshmark,2,0,0,0,2,0,1,1
netsuite,2,0,0,0,2,2,0,0
machine-zone,2,0,0,0,2,0,0,2
uipath,2,0,0,0,2,0,1,1
valve,2,0,0,1,2,1,1,0
radius,2,0,0,1,2,2,0,0
turvo,2,0,0,0,2,1,0,1
ge-digital,2,0,0,1,2,2,0,0
infosys,2,0,0,0,2,0,2,0
flexport,1,0,0,0,1,0,1,0
fidessa,1,0,0,0,1,1,0,0
fallible,1,0,0,0,1,1,0,0
f5-networks,1,0,0,0,1,0,1,0
bytedancetoutiao,1,0,0,0,1,0,1,0
blizzard,1,0,0,1,1,1,0,0
bloomreach,1,0,0,0,1,0,1,0
clutter,1,0,0,0,1,0,1,0
affinity,1,0,0,0,1,0,0,1
accolite,1,0,0,0,1,0,1,0
airtel,1,0,0,0,1,0,1,0
akamai,1,0,0,0,1,1,0,0
emc,1,0,0,1,1,1,0,0
druva,1,0,0,0,1,1,0,0
codenation,1,0,0,0,1,0,0,1
deliveryhero,1,0,0,0,1,0,1,0
arista,1,0,0,0,1,1,0,0
akuna,1,0,0,0,1,0,0,1
alation,1,0,1,1,1,0,1,0
booking,1,0,0,0,1,0,1,0
honey,1,0,0,0,1,0,1,0
helix,1,0,0,0,1,1,0,0
hotstar,1,0,0,0,1,0,0,1
gilt-groupe,1,0,0,0,1,0,1,0
paytm,1,0,0,0,1,1,0,0
phonepe,1,0,0,0,1,0,1,0
palantir,1,0,0,0,1,1,0,0
machinezone,1,0,0,0,1,0,0,1
meituan,1,0,0,1,1,0,0,1
mckinsey,1,0,0,0,1,0,1,0
microstrategy,1,0,0,0,1,0,1,0
national-instruments,1,0,0,0,1,0,1,0
limebike,1,0,0,0,1,0,0,1
maq-software,1,0,0,0,1,0,1,0
jingchi,1,0,0,0,1,0,0,1
jane-street,1,0,0,0,1,1,0,0
jp-morgan-chase,1,0,0,0,1,0,1,0
jump-trading,1,0,0,1,1,0,0,1
kakao,1,0,0,0,1,0,0,1
leap-motion,1,0,0,0,1,0,1,0
inmobi,1,0,0,0,1,0,1,0
iit-bombay,1,0,0,0,1,0,1,0
sapient,1,0,0,0,1,0,0,1
snapdeal,1,0,0,0,1,0,1,0
quantcast,1,0,0,1,1,0,1,0
pramp,1,0,0,0,1,0,1,0
poynt,1,0,0,0,1,0,1,0
rackspace,1,0,0,0,1,0,1,0
tandemg,1,0,0,0,1,0,1,0
symantec,1,0,0,1,1,1,0,0
traveloka,1,0,0,0,1,0,1,0
thumbtack,1,0,0,0,1,0,1,0
yatra,1,0,0,0,1,0,1,0
walmart,1,0,0,0,1,0,1,0
zalando,1,0,0,0,1,0,1,0
zscaler,1,0,0,0,1,1,0,0
